,Solution,Pareto front,GD,Error,Max spread,IGD,Spacing,Hypervolume,Ref hypervolume,Comp time,Elapsed time,Simulations
0,"[[0.08179539873264122, 0.8645876560337878, 0.4463805276650734, 0.17501063495068295, 0.002890143833110266, 0.23664978651462212, 0.01472670881123217, 0.47694828119558247, 0.17840512586720683, 0.24338097978393405], [0.5778709991612848, 9.616661948510266e-05, 6.0823592583317265e-05, 9.321123460157216e-05, 9.26493293013056e-05, 0.0005041690463669012, 0.005277815380199941, 0.0010563021352520672, 6.15098122806316e-05, 2.4607613198244192e-05], [0.08108314210655863, 0.40025576000362995, 0.19044874505642528, 0.0003538714732214028, 0.0006611135228323991, 0.0003219181518233003, 5.325441928758813e-05, 0.9577470470638071, 4.8125084134364885e-05, 4.115209943343332e-05], [0.5822133669603091, 0.008559717912333203, 0.0011438894091492357, 0.00012124083491088289, 0.0019147764506307827, 5.523512895602397e-05, 0.0004844190771889469, 0.0030117359637894664, 0.00012193343116053161, 2.4773735941182698e-05], [0.3965330882761945, 6.451565031231286e-05, 0.0004068801692683967, 0.2101902928660065, 2.0660128135700816e-05, 9.244990425000394e-05, 9.464268605831468e-06, 4.088813679902753e-05, 1.812643301523966e-05, 0.0035432949371810634], [0.08039293805392884, 0.2591748971953843, 0.10871421382396124, 0.0006645414813359531, 4.139775823836227e-06, 0.0005321711989166935, 9.470361913271484e-05, 0.001041556943183908, 4.8228536453578065e-05, 0.00097611798984077], [0.08263244529224978, 0.23439139597979922, 0.10190590216324324, 3.3717172423113997e-06, 3.471841235794271e-05, 1.2324034252396939e-05, 2.071219667883814e-05, 8.662301285777433e-05, 5.9974897827203146e-05, 7.815438048544598e-05], [0.0857077531460963, 0.09500674790535346, 0.15898922553229503, 0.00033142632427901717, 1.4842549429729995e-05, 0.00012230597924138157, 3.774971050310964e-05, 2.001119484816165e-05, 0.00014124893483133416, 2.5171868015336593e-05], [0.5898629591281049, 7.907107241947266e-05, 0.00020067808643195115, 2.5679118719435456e-06, 4.221813738246273e-07, 0.000375325043957603, 1.7572791422958839e-09, 1.0642286409335409e-06, 1.5149386076894978e-05, 6.095671374393298e-05], [0.7442462057107103, 3.9317413858653595e-05, 0.00011080750651069828, 1.3517533022889274e-05, 0.0001123918140303541, 5.9324572491846955e-05, 6.250340485853038e-05, 2.25525257208611e-05, 3.233170849577507e-05, 0.00010539773501297294]]","[[0.2808627873798849, 7.612440288435023], [0.9039939649413927, 2.1924791517627953], [0.28088307369173326, 6.786150432074822], [0.9027227931353302, 2.543795493768468], [0.8685333606110577, 4.369435578356092], [0.28164565480671455, 5.040317591642978], [0.28183319783175365, 4.941818697609474], [0.2944957773915753, 4.67285548483937], [0.9097357237242378, 1.4096320483250349], [0.9508236586626302, 1.2960425577557415]]",1.2030035544053965,0.01,0.7187894750731911,0.02781035107453015,0,0.5023140015370597,0.40590724381101795,2148078.125,2003350,469
1,"[[0.10037791994488962, 0.05357969112653449, 3.718768237817756e-05, 0.004073976268081882, 6.974584896168168e-05, 0.009474908200271703, 0.0010983813276241971, 0.0002380220520574683, 1.0176390294228718e-05, 6.403094831518455e-05], [0.079080160776339, 0.06447547184489708, 0.0012534134187618404, 0.06155602285826466, 0.00047668407136161855, 0.10247353751114421, 0.01223589070173441, 0.0003350731205391928, 1.3355985923058292e-05, 4.930890602610588e-05], [0.4648550134150802, 2.284008382763893e-05, 0.0005971236055996188, 0.00015346766103651265, 0.00033808078434601515, 0.00010673374939842648, 1.1385163453699998e-06, 8.268053310196721e-05, 2.0580405238279046e-06, 0.00031231780897278665], [0.562248147299689, 2.4856297567559928e-05, 4.502921799496033e-06, 0.00013677389197563964, 0.00016461815849976583, 0.035409045066931794, 7.433933477655628e-07, 2.722678992191212e-05, 0.00011796575802259306, 2.8287634046061828e-05], [0.5140801001155517, 1.2826306766385283e-07, 6.131129268007808e-06, 1.0496019927160555e-07, 2.6159685422314827e-06, 2.080407682147908e-07, 1.6831333437267746e-06, 3.587652140979778e-07, 2.6825277036843407e-06, 3.078449697244908e-07], [0.08097398458255858, 0.0007440513618671475, 0.0004005179834280609, 0.9522790713845325, 0.5032826503509946, 0.6398654760839751, 0.04607122121740036, 0.3479733421930495, 0.6795045847438979, 0.46647132867497587], [0.07944314131417729, 0.0005322550238413971, 3.190486684384597e-05, 0.9518113085194195, 0.5014486787957783, 0.6368182907373598, 0.027749009910932966, 0.33003186165828297, 0.674088781995653, 0.4749077238441179]]","[[0.5116186014169045, 3.5881969133867515], [0.2851075873730776, 4.630258320995803], [0.9915669079808211, 1.5603727968293923], [0.9351651402420261, 2.9939323592952256], [0.9999583390533203, 0.5610529517881132], [0.2809550113195485, 8.165900513868511], [0.28388764331900396, 8.146272596353109]]",1.6368342036936485,0.007,0.7590164035270127,0.01565343389817052,0,0.5645473210818425,0.40590724381101795,2496421.875,2327225,469
2,"[[0.08234955590954696, 0.5586650663175495, 0.72766002691123, 0.09644340466664802, 0.6749014127802302, 0.6662943207344356, 0.22348186206288867, 0.3019301753747885, 0.34532994345633894, 0.7079121957126624], [0.07791392436829522, 0.0001126149055019286, 0.00043390907139050994, 0.48532692855357323, 6.021334664710324e-05, 0.40669856501288915, 0.02111277088819264, 0.2749336932654071, 0.6554684524505586, 0.0003189861768669814], [0.09309408522949578, 0.00030984378203102096, 4.037836977997277e-05, 0.0001374315459612861, 0.00013203514249379415, 3.6175463077106004e-05, 4.174974488867754e-05, 0.00018041358306337106, 0.07018967981677046, 0.0003908169347857695], [0.47861225200892915, 3.0835247705131517e-08, 2.7552916153088654e-08, 3.9183192641751014e-08, 1.3419844002455882e-07, 1.4434333422128788e-08, 3.9523764743857717e-07, 4.336737281096244e-08, 8.530588118483466e-08, 6.976365210035774e-08], [0.07993142988158142, 0.4989120987232871, 0.6801384593666634, 0.10533537259357154, 0.6320014629880344, 0.7092856640966088, 0.23149241234150542, 0.26917831739609266, 0.3942413396548934, 0.6937780796857378], [0.2474164538287167, 4.322557179295229e-06, 5.079092576973875e-06, 8.260637552914032e-06, 0.00010807730688672959, 8.21446160372152e-05, 3.867338476808384e-05, 9.250618819247502e-05, 0.00010518544289428314, 6.321521845272848e-05], [0.2947464414632361, 3.865948238764911e-06, 3.529755222236256e-06, 6.417777324815854e-05, 6.846024935571307e-05, 2.037452941085577e-05, 4.451009511800185e-06, 6.457499025769088e-06, 9.183580854970523e-05, 2.8459104560183828e-05]]","[[0.2813852630954615, 8.474345006583022], [0.2903733419538639, 7.043543155649507], [0.3778081983385787, 3.6478340427258042], [0.9994624852917444, 0.2941530908685255], [0.2825628902070163, 8.435548598328815], [0.6309353026802232, 1.5562359597175524], [0.9734252274911047, 1.1146701010656979]]",1.8032964646957654,0.007,0.8544375967192213,0.01500297178878106,0,0.6653264907671487,0.40590724381101795,2155078.125,2012932,469
3,"[[0.06839802863211464, 0.33582717385918837, 0.1668317357220349, 0.6985376290198101, 0.7105726036282907, 0.33488550630222413, 0.9317663651600853, 0.2665300255386601, 0.06130690761089386, 0.150010291668634], [0.22488987414416212, 0.001715215417375137, 5.680744605047821e-05, 0.00255732313307483, 0.000495919692127561, 0.005423836306709673, 0.0006343047573660644, 0.3964485579199354, 0.003755859619970322, 0.0008401069195241407], [0.07361645889391419, 0.6872547470721322, 0.003123591836026364, 0.9993223678760594, 0.0004251474472434562, 0.010104011781914272, 0.0008931222166893267, 0.995814011178693, 0.9971976211767867, 0.7796038660912817], [0.09064003067429965, 0.3571908701687618, 0.20414198872241626, 0.7840165850333191, 0.67211987930146, 0.3566393606516754, 0.9454297593438605, 0.2626789538768413, 0.1368344897641702, 0.10154613285694179], [0.06510625426974306, 0.9971085786795049, 0.0024015602184577914, 0.001034682096471723, 0.0022375943844395313, 0.999969988209012, 0.0012538189637233293, 0.00424244683515646, 0.0027565363248833684, 0.9874552517398639], [0.374239340025813, 0.00015126643475215734, 0.000136639773614984, 0.0005653052008806928, 2.8550583842985964e-05, 0.00010451349767560291, 7.066491354387617e-06, 0.00010219363424404913, 6.8269085049131e-05, 9.160890253012798e-05], [0.4122344153843795, 0.0005710751126080236, 0.0003428567586249449, 8.387985246933137e-05, 0.00019782220116238444, 9.382425456144761e-07, 0.0007020193771645601, 4.772073543252153e-05, 0.00014275683860310218, 0.0031920473820371124], [0.1034593275253477, 0.0002135954603569342, 0.00013818946830686975, 0.00019727905848502517, 0.8283326632200522, 0.0003249103352844126, 0.7483710555613772, 3.7378831058306203e-06, 6.0906976879060096e-05, 1.800303709640613e-05], [0.3991166588812963, 0.00021852480463161483, 0.0005112759826039787, 6.818461829762143e-06, 5.3186620764075446e-05, 0.0001391221683062984, 0.00035433562654119653, 0.0001579447401431077, 9.682519367946405e-05, 0.0008098353850316004], [0.4252551026328895, 0.0019524236617612667, 0.00013829397202295719, 0.00020982700128572754, 1.0769729580814482e-05, 6.730342743640993e-05, 1.2523321192620144e-06, 4.116327059237473e-05, 2.1805464839218765e-05, 9.142324423425693e-06], [0.2479272610441794, 1.784564960098544e-05, 0.0011792152189398684, 0.0029710430972038, 0.2712297904242017, 0.0002435629230067056, 5.213900018764307e-05, 0.29949969936308574, 0.00030723294783590184, 0.050944349286516886], [0.07976549962328945, 0.0006487044811476488, 0.1376352086343375, 0.9506499246016905, 0.9784057009070469, 0.02958905328045308, 0.9607530742414737, 0.9600869813031961, 0.9766525132417686, 0.9997486740608742], [0.25304428045992866, 0.00021081843619247446, 0.0011590794941044517, 0.048942127189490064, 1.9520567024285235e-05, 0.00029591462060018993, 3.207689649925272e-05, 0.3183362332619592, 0.0001105415663302568, 0.02675841678901797]]","[[0.4022411801225987, 8.165474877127513], [0.7977686775118777, 5.039542960440622], [0.3267745611644992, 8.544523026096245], [0.34272182981975896, 8.250438261464328], [0.46299362681741396, 7.810293200197611], [0.9743618285900634, 1.4981410387533594], [0.81173445760514, 2.1262984175292594], [0.575296954773924, 6.775011993984741], [0.8549883080182712, 1.8028151407816535], [0.831360103243906, 1.8357410114253085], [0.6307530632165184, 5.552016519521213], [0.28297227144365467, 9.121671829481548], [0.6401475128254362, 5.041614558044866]]",1.487768610497769,0.013,0.8112997017523763,0.03364979233042084,0,0.43889251195300116,0.40590724381101795,2047734.375,1937880,469
4,"[[0.08149389864055012, 0.20790722602352207, 0.7496104298984555, 0.8093921944642322, 0.25873445116714655, 0.2935662126092208, 0.5654214569146475, 0.5495268748387437, 0.6409888661603941, 0.06343621195740468], [0.2541640994162303, 0.05499426025276748, 0.0021100585278525726, 0.026372602016743248, 0.0014270037813596736, 0.6929800961721839, 0.0012846350411852936, 0.0016930246466683434, 0.001963600726388188, 0.0012943903123559246], [0.41542561274788503, 5.135146385064495e-05, 0.012844001847308505, 0.0016348350438617596, 0.0005229171647890177, 0.01107593645893154, 0.0006758778425350182, 0.005237788119417606, 0.0005369374117777082, 0.0001448384448420612], [0.2535096592534068, 0.12018381006675766, 0.0001836316980961773, 0.24370404361828074, 7.2373076451389225e-06, 0.6521680781574083, 0.004137754296618803, 0.009292603533681979, 0.0024027479175926835, 0.00018640720675734462], [0.24122084169449415, 0.05569569969053563, 8.300968941932837e-05, 0.003362785132730787, 0.0005511581260629599, 0.6382056106792898, 0.00037525356618804115, 7.168918624531452e-05, 3.1052367335288327e-05, 0.0003233291602458375], [0.2672744690493825, 0.05767114356804264, 0.00023509536946521667, 0.00017048552374997555, 2.6844510298056228e-05, 0.5517724972390788, 9.22027319504067e-06, 0.00011299221883472384, 0.00025204601405110394, 3.094689803632351e-05], [0.0800376437538029, 0.9874158035763023, 0.005997008923510863, 0.994276752258075, 0.00496686638353086, 0.9893655058899838, 0.0004882015003262741, 8.427078043896086e-06, 0.007003680384203287, 0.9998600985509751], [0.41519518949059653, 0.00033941930233857137, 0.029785881299044987, 4.391558853655039e-05, 0.0002407723527895382, 0.029456118429784413, 0.00016433886070517416, 0.5022499722734349, 0.0001390081124155333, 0.00019736168818909074], [0.07038456890851832, 0.6878783251900741, 0.8607568110359265, 0.4848059429219999, 0.1805211048912676, 0.04886096870822784, 0.09210026647158517, 4.161645544111664e-05, 0.419805917893712, 0.5505034030540552], [0.10366051801197423, 0.008460714761399112, 0.9998404478330856, 0.7833546335376056, 0.012817124553274415, 0.00019983477232542887, 0.0012415751866470465, 0.0009329268839342522, 5.765427107559304e-06, 0.9078100761583244], [0.41669920307257435, 1.025114241496477e-05, 0.016019991669928634, 0.0007027448112618434, 4.061213759009274e-06, 0.0040289325981429525, 6.56161121287258e-05, 2.411547919680605e-05, 4.186819355726855e-06, 7.628122981141813e-06], [0.5796973554933708, 3.697387952821182e-05, 2.3806579469428518e-05, 1.664062635815303e-06, 1.6123946940280672e-05, 0.00011043941599285056, 2.7371618332526368e-05, 1.2900663389506245e-07, 5.923407974605061e-06, 1.7902070030104168e-05], [0.08849949324478962, 0.6950759711807921, 0.8613755610028434, 0.4939133193682708, 0.1646864864160394, 0.06844312830744811, 0.09393718635366413, 6.892351059701579e-06, 0.4551393379750268, 0.5697850143362843]]","[[0.28077631923111834, 8.40193480127713], [0.6448297825243263, 5.819047186974366], [0.8104958476092377, 3.005399433633285], [0.6419841010675151, 6.171495380020356], [0.6491565591478429, 5.677386858217371], [0.7516609440468327, 5.491636818000726], [0.2823229227292753, 8.334034904595892], [0.8104474579409464, 5.380815886508138], [0.3700182433800978, 7.999716089081346], [0.5794918616508914, 7.625986450508365], [0.8111491899952317, 2.753750627864414], [0.9029852501032902, 1.1518927025485775], [0.3178403360327545, 8.044574198264934]]",1.5019875510065872,0.013,0.6368490453544117,0.023468016807286836,0,0.2536152909589195,0.40590724381101795,2051218.75,1939852,469
5,"[[0.08240860706266831, 0.4351537233470657, 0.756939738550318, 0.5428835500271119, 0.48616977204067474, 0.9405380742674444, 0.3648561397893603, 0.6857251936502518, 0.033228605079960824, 0.6255844250857294], [0.6148241988845654, 0.2548038672977243, 0.001211945092981722, 0.0002995576590143602, 0.0017407168077701548, 0.00015790258946253046, 0.00026591225326456723, 0.000713406622205251, 0.22889741127167298, 0.0012262512863989432], [0.07903958304263314, 0.5312901947044324, 0.6325489351931269, 0.2319040487843249, 0.271344631541271, 0.380407386919425, 0.6752938974011943, 0.2791524311233631, 0.1527372969903593, 0.23582341863431477], [0.9151494298262887, 7.644526537313325e-05, 0.0003911780454583652, 0.0003189766740686128, 0.00044258958014167825, 4.966847491687576e-05, 0.00020012101046940067, 0.0007588528982400327, 0.0005539847784996434, 0.007043909017829347], [0.061958953841491755, 0.9978406282933981, 0.999918913962122, 0.25795314180824447, 0.00025567462893998804, 0.018305069045667595, 1.161795149970564e-06, 0.3827398023840638, 0.10960371642552501, 0.0010440780723388412], [0.08357632581787378, 0.5743138383484452, 0.6151519530980286, 0.29383390373930723, 0.2604736950504946, 0.3795033272644947, 0.6994668015868448, 0.24092421650380955, 0.14966627608036623, 0.2086255309805334], [0.06252335804701092, 0.49477133510460347, 0.5347835999941335, 0.25984802815453356, 0.22382737291447438, 0.3691334297436182, 0.640009004696001, 0.1937785181136173, 0.137961882405768, 0.18568890269659127], [0.07547924548868992, 0.0003397153293409061, 0.0030637005687823883, 0.008145587960411227, 0.0010473288754147877, 0.9972473703520012, 0.9951084441217742, 0.0003430723074186883, 0.0031644762983112926, 0.9972282216889814], [0.22085072465937897, 0.014688259640496956, 0.0015638861914656632, 0.00019664305659136292, 0.023144256833485807, 0.0003514660818374579, 0.9981177261460037, 0.0002967961327833225, 0.0012342112258904637, 0.1727199824366512], [0.9147703762036449, 0.00010175306463065456, 0.0003468305738893799, 0.006563524195520506, 0.004524178148230823, 0.0014121054535755767, 0.0003956545826152876, 0.0016488833747149683, 0.0005958090040154367, 0.06787664838977335], [0.24695829801148095, 0.488190971827697, 0.007147463886139276, 0.02456241502169868, 0.04224221667242406, 0.02517958995626472, 0.9864316825973296, 0.01771433297306723, 0.004980474368959284, 0.0937259312509699], [0.9088436067088097, 0.0002387363127838828, 0.00011305388405680441, 0.0001552177696154362, 0.002133444011810537, 0.00019646466776187025, 0.0001285106559095403, 2.846340061350331e-05, 0.00038236692172867145, 0.0004300620706059882], [0.2751544027555345, 0.03280449411639229, 0.00030028529225326625, 0.0009927947113993767, 0.08453487695406457, 0.0015441987327599821, 0.999831832527178, 0.0008566942443608522, 0.0035241265645637038, 0.15672079981979709], [0.07951208968864584, 0.5449588211264885, 0.6399846403818836, 0.24363093443474157, 0.26916810445055916, 0.3929981840406487, 0.6847878260519966, 0.3077725342504065, 0.16224681258749496, 0.24019368168589203], [0.2513799452200988, 0.3845854957737368, 0.0006748310431764559, 0.000302784405516769, 0.00010746332799318678, 0.0010567088397393635, 0.9988582592106138, 0.000367498620538118, 2.8317128522032738e-05, 0.08582246794326417], [0.22927547437435114, 0.3381690300756288, 0.007878250010479688, 0.0018417509237222672, 0.0006454940909256419, 0.002785593175459988, 0.9998340504331129, 0.0007702408848282878, 0.0023441741591476387, 0.04850017253226385]]","[[0.28146866317216646, 8.710396450594644], [0.9722619901529844, 5.169071272248752], [0.28525638859835944, 8.040847130228185], [0.9743458981397679, 2.2762810818598], [0.5269669691525077, 7.666034002926717], [0.2842098495530555, 8.057239630950495], [0.5152109462218377, 7.827324864702449], [0.3078215642200094, 7.829677009717779], [0.8409766166490427, 6.342763895639159], [0.9743423953030421, 3.542626453433771], [0.6312736150717121, 6.867130014849931], [0.9752973967738625, 1.8753934880257987], [0.8350261719756692, 6.421323348954512], [0.28367854727680963, 8.090021275069219], [0.6348875101506202, 6.6633184312493565], [0.7501915788834036, 6.570378434743604]]",1.4594309556806522,0.016,1.0009245768821178,0.04464436353797908,0,0.22779946834039214,0.40590724381101795,2074781.25,1942371,469
6,"[[0.0887700383674089, 0.024335194052133663, 0.005791937378825763, 0.00024218051871713114, 0.0008551647614963576, 0.002400553037254452, 0.0006257489640428338, 1.9816793796382888e-05, 0.0026330195296342153, 0.10170304359196745], [0.2986063926613064, 4.8947032155369754e-05, 9.34181220827866e-05, 0.00010117104598015593, 8.214135665977065e-06, 3.2804945201570014e-05, 9.937713875318928e-07, 0.00016929550432718735, 0.00030817538083806204, 8.151556276530744e-05], [0.08101405363974569, 0.07364646712371957, 6.268824001103535e-05, 0.001038427948666791, 0.00044556465512484556, 0.00012827551748831312, 1.9414029448099708e-05, 0.007908441901776385, 0.004605052897863015, 0.15711796286185842], [0.9876724280996436, 2.6412516298105997e-08, 2.6078761548726858e-05, 0.00015191103133974565, 3.305812696774411e-05, 1.354898097665232e-05, 9.701712165638128e-06, 3.131987422578092e-06, 4.072683804665322e-05, 2.3645444728039132e-05], [0.07346405370082013, 0.0019336327242340454, 1.0185051789420258e-05, 3.8266303298665225e-07, 0.00011116392720839079, 6.296729919789081e-05, 0.00013420339210609125, 0.0008916133622344408, 0.00016685461625623154, 0.0949158595548838], [0.2537473852622089, 1.3961358603509487e-05, 9.186576253563614e-06, 8.395078522558331e-05, 1.406577127167023e-05, 4.7975590525681564e-05, 0.00012409573264744077, 0.00010368008158899795, 0.0006675192808318245, 7.408750640770778e-05], [0.8834909811172953, 1.7145512448098915e-05, 1.9232586180252973e-05, 0.00028667369291892047, 6.584472782806763e-07, 1.938967250776047e-05, 0.00010206285784713418, 3.2117959177242235e-05, 3.884466651136849e-06, 8.228384069219885e-05], [0.9916351742422074, 1.2463714989685265e-05, 1.1691501071812923e-05, 2.1027275916241367e-06, 3.3106671822997344e-05, 1.1493981006963875e-05, 7.018842389002203e-05, 3.6698319024109104e-07, 0.00011157757890064113, 1.8474861306488865e-06], [0.27660955081168376, 3.2853068335055637e-06, 0.0001072696627037538, 0.00032900728312449274, 4.211834507712671e-05, 2.265716064499494e-05, 0.00011434771110486037, 0.0001090028436240115, 5.3780340809590906e-05, 4.2528990560123194e-05], [0.26588790820888897, 5.906517292262019e-06, 4.3292735221734525e-06, 0.0003451242214599842, 0.0001278807664638104, 9.32734068569468e-06, 3.68886861737682e-05, 3.877885690411376e-06, 9.05412406189586e-05, 0.00023504094254991198], [0.24703201381252737, 0.0002533723908811655, 0.00012752801798710715, 0.00015839818339658467, 1.4161021625539698e-05, 0.0035945917302863035, 5.589949213718646e-05, 0.00028209894713393784, 0.00043591558264448446, 2.7608002005227192e-05]]","[[0.3206654640604263, 4.145845449193342], [0.9845740351084551, 1.3717567905800165], [0.2809264797537039, 4.638669189209179], [0.9999971304289964, 1.091385845770599], [0.3285285948680684, 3.8813602824835804], [0.6429825329419337, 1.7429535100594653], [0.9917096455291049, 1.254351675744748], [0.9999997161456843, 1.0528460418275285], [0.849700672119977, 1.4964031366626829], [0.7372986266395922, 1.6018559043804952], [0.6312080299953623, 2.210707761956714]]",0.5653552191811598,0.011,0.7141476362070724,0.022383826456409624,0,0.5240774446903496,0.40590724381101795,2123906.25,2023863,469
7,"[[0.08240246602372014, 0.9493095249007366, 0.08181173292872179, 0.08373334638945718, 0.17369100633380663, 0.07217619361466765, 0.3355484917943279, 0.7432249502365664, 0.362070229297617, 0.8292903361783229], [0.02020480515208734, 0.00028859308635913183, 0.00012931181323057686, 3.9882647608899235e-05, 8.46114496157338e-06, 1.8403804910228967e-05, 1.1922164871751795e-05, 0.0002287568419076071, 0.0020425976126113156, 0.0011558906178660104], [0.042412701260518326, 0.0006808778495867489, 0.0002567215511412723, 0.00012192423912283157, 0.052353571421981916, 0.00014466196614576574, 2.8711458041937055e-05, 0.00013211907649185412, 0.01033439928104615, 1.795811265610167e-05], [0.002002273901031445, 2.2808192937672177e-06, 2.0116051755044583e-06, 8.358128611541207e-08, 1.7764838828508755e-08, 1.0330198458470357e-06, 1.2553039702020752e-06, 5.506106981939476e-07, 1.7957066077932747e-06, 8.410134498411366e-06], [0.1168935225769946, 1.098491337139271e-05, 7.794612296540232e-06, 0.0006406836447933513, 0.02854767205545463, 0.000596605578744247, 0.0005902696291441232, 0.0006994991828388678, 0.09664275374012488, 0.00026975725667309546], [0.027430778753435296, 2.854717348359862e-05, 0.00011849905104069147, 0.005015404100268638, 0.020726680493352287, 0.013451577200106262, 5.5820144517169476e-05, 0.0005027677580666308, 0.0005435238258602784, 0.00013931242798846362], [0.07936460558184358, 0.0008092703885199157, 0.004105354523316805, 5.521454114283892e-05, 0.021394599101772764, 0.00018111810909072503, 0.00012453968043081066, 6.870899470932792e-05, 0.08683905240364233, 2.6065342976597564e-05], [0.9999999976964017, 2.0566531439530956e-12, 1.719027073840277e-08, 4.3557424154213085e-09, 1.0955530091186649e-09, 1.9043760490437143e-09, 2.5824851767960066e-08, 2.92381693919156e-09, 2.427850371870703e-09, 9.421478934426525e-09], [0.0815166402053856, 0.764986799082362, 0.8085964568951385, 0.6229306856697598, 0.10625959183524707, 0.7990222642194178, 0.9998711031031622, 0.7064326851208398, 0.5706391175734176, 0.4010386971607976], [0.08160302937818684, 0.7845069441575814, 0.8088589533640426, 0.625025781273905, 0.10252611330828461, 0.792372290506529, 0.9470933380836679, 0.6938700596236679, 0.5621529319312006, 0.4078869965489484]]","[[0.28145974147276376, 8.163031044237652], [0.9975670427972133, 1.8679201566047587], [0.8853525329487747, 3.397372914183047], [0.9999999971368065, 0.5871593152247654], [0.8275953528691908, 3.941336193036911], [0.9869255750101403, 3.0398928574492343], [0.28413462617628715, 3.9965874665876595], [1.0, 0.15966577842636667], [0.2807779765605445, 9.048041077129112], [0.2807915080468293, 9.028616009283443]]",1.4699479601145047,0.01,0.9174354256331476,0.014209401546167058,0,0.5784640257834085,0.40590724381101795,5298718.75,4342159,469
8,"[[0.7520737293402414, 0.007158959806153118, 4.758005396713553e-05, 0.005117422928202018, 0.0071991397126730874, 0.0009189709285432363, 0.03133401903348954, 7.378182742005357e-05, 0.0005376993686237064, 0.0003612242221926659], [0.9052040037969921, 2.6915409719184296e-05, 0.0006379355594736532, 0.00014866537825730707, 0.00016533504170640614, 0.0007384652210464453, 8.510288914239159e-05, 0.00032672100127596336, 0.0031992414073253456, 0.0005545950627349633], [0.07837989115444619, 0.0006705821775056294, 0.9988868337679828, 0.9997184881370297, 0.9989188332195656, 8.895708688456469e-07, 0.9997683431336768, 0.0006241062689544062, 0.004943157427293779, 0.0030335911905060107], [0.7462854396176102, 0.000939754310903311, 0.00024750560191262404, 0.0009759395436777397, 0.0011780466823668708, 0.002085800719993991, 0.06314215115312898, 0.0038716766203511573, 0.0004370220467269513, 0.0007560088895756443], [0.9415744431245353, 2.949268153621812e-05, 0.0006028123631133338, 0.00045260020074493375, 0.00011044876167271532, 2.3789683432571764e-05, 0.0008365809266337033, 7.958597295504188e-05, 0.0010793969033142392, 0.00011117969721517436], [0.913449148144031, 0.001782940834501251, 0.00017228590120240073, 0.013239662197180181, 0.00389125779940761, 0.0001555045043155016, 0.00042107210589651355, 0.0005058516135453685, 2.1950327175534396e-06, 0.00048507570505759224], [0.07765015604663425, 0.0557403704913456, 0.0002809676852294019, 0.4745846214191725, 0.14035992329195604, 0.3431474536535814, 0.00035079542625170905, 0.37120554349160584, 0.19850638191996547, 0.5110461059323724], [0.10188806774122616, 3.1936079671394035e-05, 0.00024405854072197475, 0.38095170602407175, 0.00792313432818043, 0.26268891096578734, 0.00018379057618947642, 0.22243777532123774, 0.114808401486894, 0.2959810752408085], [0.07145251995635821, 0.015479505637936597, 0.00012699023386787223, 0.422760589528886, 0.05537585108522834, 0.31802876644611117, 0.00022557863855606202, 0.2575036189170241, 0.1796141386466854, 0.36983628850395955]]","[[0.950850072432435, 3.2311607558262603], [0.9767621574703169, 2.0479080610887928], [0.28802439402361524, 8.341549130412385], [0.9502060243979161, 3.463190868918326], [0.9883612576655003, 1.8132632185644852], [0.9743916854520502, 2.6502049501264087], [0.2918463629593586, 7.239828740413343], [0.5426285355691206, 6.487521322330807], [0.35437923832418516, 6.842947677766698]]",1.492017005672943,0.009,0.9710955073474786,0.04290450246236643,0,0.28797135887171166,0.40590724381101795,2082718.75,1939816,469
9,"[[0.08056588290855171, 0.7939090330859588, 0.11802015702008883, 0.13254398635298625, 0.6258537683830927, 0.9069915171555473, 0.14025555392951294, 0.8487619014353939, 0.917516575402655, 0.14894480611227812], [0.4188033741831925, 0.002034253764934016, 0.01062999717553545, 0.0029079482276762117, 0.03404611682783627, 0.002096719452344669, 6.211660299025915e-05, 0.07744279261934127, 0.5275764771700157, 0.18357213389573487], [0.09480784270725788, 3.718984069624919e-05, 0.0006092318037444645, 0.00020966544353138089, 8.755201747372704e-06, 0.0006715518217223773, 4.4828806797467496e-05, 6.915154610082248e-07, 0.9409602473966777, 5.758497115307575e-05], [0.05945064586433381, 0.0001592050705726324, 2.485476647706049e-05, 0.00023228622501631342, 0.0002596151063901473, 0.0007660862628381326, 6.973718990078196e-05, 8.77031698525666e-06, 0.8974450704138777, 4.047166841450846e-05], [0.6519669176556414, 4.976043197362776e-08, 2.6773360224994298e-08, 6.018364104821888e-09, 4.604939608412823e-09, 1.6869499494457687e-08, 9.499147597650223e-09, 2.413132595501963e-09, 1.0298732766930986e-09, 3.264912162318176e-08], [0.08331199663763453, 0.5387554821615145, 0.46245720531899787, 0.355681784963133, 0.5251801541095091, 0.4606541468930196, 0.21926682352931215, 0.6367064061564449, 0.3757325285337123, 0.20084759136899785], [0.40575665418967016, 0.0003694335657690292, 0.0013374795612827411, 3.232582497968194e-05, 9.14416102548994e-05, 0.00010341978190144515, 0.000221347722719956, 0.0006424804736440103, 0.0001022099646752993, 0.0002635499067468023], [0.6022533735155706, 0.0005976085454576246, 4.415086970492532e-06, 1.2823699074974973e-05, 8.467287479969174e-05, 0.00025940987424029826, 0.00021934567249613308, 0.0003319404095240104, 3.5607043475573564e-06, 4.520122053328218e-05], [0.080614397267918, 0.7906520391714698, 0.1386075771759706, 0.13806611850067532, 0.560202856621445, 0.9465763762410342, 0.15375073608731027, 0.8787735454643738, 0.9404497953691383, 0.17920747037835655], [0.08631288613316024, 0.0021938923351965986, 6.069587166985374e-05, 0.00019850610055027908, 0.04194492819719535, 0.0011129201658389525, 0.8977025514244319, 0.0008627407583957462, 0.018490708914834193, 0.9364434954026534]]","[[0.2813859587034745, 8.614112780965112], [0.8136411715572517, 5.864275891353824], [0.4058852377354025, 6.093007240671572], [0.5800005633101737, 6.004159421081213], [0.999969121596727, 0.19496974322254182], [0.2834078809106285, 8.233268490681004], [0.8263659778472245, 1.9264356851323032], [0.9391261426178239, 1.5985776317468363], [0.2813213456851764, 8.65232904545167], [0.29862981816931444, 7.087212726879069]]",1.7030234439646226,0.01,0.8999675975192641,0.018967453581084332,0,0.40503088968469303,0.40590724381101795,2106328.125,1957807,469
